{
    "nodeID":8,
    "serviceNo":"Pool A",
    "busRoutes":{
        "go":10,
        "back":11
    },
    "busStopID":{
        "1":{
            "go":1098,
            "back":1099
        },
        "2":{
            "go":1100,
            "back":1112
        },
        "3":{
            "go":1101,
            "back":1101
        },
        "4":{
            "go":1102,
            "back":1111
        },
        "5":{
            "go":1103,
            "back":1110
        },
        "6":{
            "go":1104,
            "back":1109
        },
        "7":{
            "go":1105,
            "back":1108
        },
        "8":{
            "go":1106,
            "back":1107
        }
    },
    "coordinate":{
        "1":"-7.931114,112.602828",
        "2":"-7.9435,112.610656",
        "3":"-7.937289,112.625956",
        "4":"-7.956453,112.616703",
        "5":"-7.960214,112.622072",
        "6":"-7.968139,112.623925",
        "7":"-7.972583,112.622492",
        "8":"-7.976606,112.634336"
    }
}